Location,Type,Category,Description,Price,Date,Rooms,Surface
La Soukra,Vente,App. 2 pièc,Appartement s2 à borj lo,220 000,19/12/2024,1,105.0
Ain Zaghouan,Location,App. 3 pièc,Appart neuf jamais habit,1 800,19/12/2024,2,100.0
Berge Du Lac,Location vacance,App. 1 pièc,A quelques minutes de l',1 500,19/12/2024,0,52.0
La Soukra,Location,App. 2 pièc,Apprt s1meublé à  la,1 350,19/12/2024,1,80.0
La Soukra,Vente,App. 2 pièc,Apprt s1 à la soukra,225 000,19/12/2024,1,585.0
Cite Ennasr 2,Location,App. 2 pièc,S1 haut standing très sp,900,19/12/2024,1,73.062
Cite Ennasr 2,Location,App. 4 pièc,Appartements meuble ou vide,150,19/12/2024,3,160.4433656957929
Ain Zaghouan,Location,App. 2 pièc,Un lumineux s plus un la,900,19/12/2024,1,60.0
El Aouina,Location vacance,App. 1 pièc,Luxueux studio pour des,150,19/12/2024,0,45.0
Ain Zaghouan,Location vacance,App. 2 pièc,Super luxueux app tout n,150,19/12/2024,1,60.0
El Aouina,Location,App. 2 pièc,S plus 1 jardins aouina,1 050,19/12/2024,1,70.0
El Aouina,Location,App. 1 pièc,Appartement cite wahat,850,19/12/2024,0,60.0
Ain Zaghouan,Location vacance,App. 5 pièc,Grand luxueux duplex pou,350,19/12/2024,4,300.0
Ain Zaghouan,Location,App. 3 pièc,S plus 2 ain zaghouan 58,1 100,19/12/2024,2,80.0
El Aouina,Location,App. 3 pièc,S plus 2 meuble laouina,1 500,19/12/2024,2,90.0
Cite Ennasr 2,Location,App. 4 pièc,Appartes meublé et vide,150,19/12/2024,3,160.4433656957929
Ain Zaghouan,Location,App. 2 pièc,S plus un bien orienté à,750,19/12/2024,1,60.0
Berge Du Lac,Location,Duplex,Triplex en s5 au lac,3 600,19/12/2024,5,360.0
El Aouina,Location,App. 3 pièc,S plus deux richement me,1 100,19/12/2024,2,90.0
El Menzah 9,Location,App. 3 pièc,S plus 2 a el manzah,900,19/12/2024,2,78.0
El Menzah 7,Location,App. 4 pièc,S3 1200d menzah 7,1 200,19/12/2024,3,130.0
Borj Louzir,Location,App. 3 pièc,Appartement s3 neuf jama,930,19/12/2024,2,103.0
El Menzah 5,Location,App. 3 pièc,Des apartements meuble ou vid,150,19/12/2024,2,121.43717728055077
El Aouina,Location,App. 4 pièc,Etage de villa s3 à l'ao,1 700,19/12/2024,3,200.0
Ain Zaghouan,Vente,App. 4 pièc,Appartement s3 neuf de 1,408 000,19/12/2024,3,150.0
Marsa Erriadh,Location vacance,App. 2 pièc,App de charme haut stand,350,19/12/2024,1,50.0
Cite Ennasr 1,Location,App. 2 pièc,Pour africains et autre apart,850,19/12/2024,1,73.062
Ain Zaghouan,Vente,App. 3 pièc,Appt s2 neuf à ain zagho,675 000,19/12/2024,2,177.0
La Soukra,Location,Maisons,S1 meublé charges compri,550,19/12/2024,1,70.0
La Soukra,Vente,App. 2 pièc,Des s1 neufs à la nouvel,225 000,19/12/2024,1,50.0
La Soukra,Location,App. 3 pièc,Luxueux s2 meublé par se,600,19/12/2024,2,120.0
La Soukra,Location,App. 2 pièc,Studio meublé a soukra c,600,19/12/2024,1,70.0
Bab Bhar,Vente,App. 5 pièc,Un appartement s4 de 154,280 000,19/12/2024,4,225.45569620253164
Bab Bhar,Vente,App. 3 pièc,S2 bon emplacement,240 000,19/12/2024,2,121.43717728055077
Cite Ennasr 2,Location,App. 3 pièc,S2 bien meublé,1 500,19/12/2024,2,121.43717728055077
El Menzah 8,Location,App. 4 pièc,S3 bon standing,1 300,19/12/2024,3,160.4433656957929
Cite Ennasr 2,Location,App. 4 pièc,S3 près rené descartes,1 150,19/12/2024,3,160.4433656957929
Cite Ennasr 2,Location,App. 2 pièc,Grand s1 semi meublé de,1 150,19/12/2024,1,73.062
Bou Mhel,Location,App. 1 pièc,Appartement s1 haut standing,820,19/12/2024,0,60.0
El Menzah 8,Location,App. 3 pièc,Réez de jardin  s2 avec,950,19/12/2024,2,121.43717728055077
Cite Ennasr 2,Location,App. 2 pièc,S1 meublé avenue hedi no,1 200,19/12/2024,1,73.062
Cite Ennasr 2,Location,App. 4 pièc,S plus 3 a ennasr 2,1 200,19/12/2024,3,105.0
Bou Mhel,Location,App. 3 pièc,Appartement s3 hst à boumhel,1 300,19/12/2024,2,130.0
Ariana,Location,Maisons,Villa plein pied s3 avec,2 000,19/12/2024,3,160.4433656957929
Cite Ennasr 1,Location vacance,App. 2 pièc,S1 meublé par nuitée 70d,1 700,19/12/2024,1,70.0
Cite Ennasr 1,Location vacance,App. 2 pièc,S1 meublé par nuitée 89dt,1 700,19/12/2024,1,70.0
El Menzah 9,Location,App. 2 pièc,S1 de haut standing meub,1 400,19/12/2024,1,73.062
El Menzah 6,Location vacance,App. 2 pièc,Studio meublé  60dt la n,1 200,19/12/2024,1,20.0
Cite Ennasr 1,Location vacance,App. 2 pièc,S0 et s1 meublé pour cou,1 800,19/12/2024,1,80.0
La Mannouba,Location,App. 1 pièc,Appt s plus 1 résidence aicha,700,19/12/2024,0,65.0
Cite Ennasr 1,Location vacance,App. 2 pièc,S1 meublé haut standing,1 900,19/12/2024,1,70.0
El Aouina,Location vacance,App. 2 pièc,S1 meublé hay el waht po,2 200,19/12/2024,1,70.0
Cite Ennasr 2,Location vacance,App. 2 pièc,Jolie s1 meublé hst par,2 100,19/12/2024,1,70.0
Cite Ennasr 2,Location,App. 2 pièc,S1 neuf haut standing,950,19/12/2024,1,73.062
Bou Mhel,Location,Maisons,Rdc s3 a boumhal bel air,950,19/12/2024,3,110.0
Cite Ennasr 2,Vente,App. 3 pièc,S2 à nasr 2,440 000,19/12/2024,2,120.0
El Menzah 9,Location,App. 2 pièc,S1 haut standing neuf,950,19/12/2024,1,73.062
Riadh Landlous,Location vacance,App. 3 pièc,S2 meublé  par nuitée 12,2 500,19/12/2024,2,117.0
Cite Ennasr 1,Location vacance,App. 2 pièc,S1 meublé haut standing,1 700,19/12/2024,1,65.0
Ezzahra,Location vacance,App. 3 pièc,Apprt s2 hst meublé par,2 500,19/12/2024,2,117.0
Chotrana 1,Location,Maisons,Villa en s4 avec pis,3 300,19/12/2024,4,350.0
El Menzah 9,Location,App. 3 pièc,Magnifique appartement s,1 350,19/12/2024,2,121.43717728055077
Gammart,Location,Maisons,Triplex s4 avec piscine,7 500,19/12/2024,4,225.45569620253164
Marsa Erriadh,Location,App. 4 pièc,Appart s3 samar à la,1 250,19/12/2024,3,130.0
Gammart,Location,Duplex,Duplex meuble s3 a gamma,4 500,19/12/2024,3,160.4433656957929
Hammam Lif,Location,App. 3 pièc,Appart s2 hts à h li,1 100,19/12/2024,2,160.0
Chatt Meriem,Location vacance,Maisons,Rez de jardin s1 de char,300,19/12/2024,1,75.0
Ezzahra,Location,App. 3 pièc,Appart s2 neuf à ezz,1 200,19/12/2024,2,125.0
Riadh Landlous,Location vacance,App. 1 pièc,A 10 min de de l'aéropor,1 500,19/12/2024,0,51.0
Chatt Meriem,Location vacance,Maisons,Etage s3 de pittoresque,140,19/12/2024,3,150.0
Ezzahra,Location,App. 3 pièc,Appart s2 neuf a ezz,850,19/12/2024,2,98.0
Marsa Safsaf,Vente,App. 3 pièc,Réf 89v bel appartement s 2 r,1 500 000,19/12/2024,2,130.0
Riadh Landlous,Location,App. 1 pièc,A 10 min de de l'aéropor,1 000,19/12/2024,0,51.0
Ezzahra,Location,App. 2 pièc,Studio meublé à ezza,500,19/12/2024,1,40.0
Ezzahra,Location,App. 3 pièc,Maison s2 meublé à e,131,19/12/2024,2,150.0
Ezzahra,Location,App. 2 pièc,Studio s1 meublé à e,131,19/12/2024,1,55.0
Berge Du Lac,Location,App. 2 pièc,Suite à lac 2 coquette appart,1 900,19/12/2024,1,60.0
La Soukra,Vente,App. 2 pièc,S plus 1 soukra tel 5825,225 000,19/12/2024,1,58.0
Marsa Ennassim,Location,App. 2 pièc,Coquette appartement s1 meubl,1 400,19/12/2024,1,60.0
El Aouina,Location,App. 4 pièc,S plus 3 jardins el aoui,1 350,19/12/2024,3,130.0
Ezzahra,Location,App. 3 pièc,Appart s2 neuf à ezz,1 200,19/12/2024,2,120.0
Nouvelle Medina,Vente,App. 2 pièc,Appartement s2 près show,180 000,19/12/2024,1,100.0
Ain Zaghouan,Vente,App. 3 pièc,S plus deux résidence ja,253 000,19/12/2024,2,69.0
El Aouina,Location,App. 2 pièc,S plus un luxueux richem,1 600,19/12/2024,1,60.0
Marsa Ennassim,Location,App. 4 pièc,Etage de villa s3 indépendant,2 000,19/12/2024,3,180.0
Ain Zaghouan,Location,App. 2 pièc,Apartes meublé et vide,150,19/12/2024,1,73.062
Ain Zaghouan,Vente,App. 2 pièc,S2  ain zaghouane nouvel,415 000,19/12/2024,1,140.0
El Aouina,Location,App. 2 pièc,Résidence zayatine appartemen,850,19/12/2024,1,60.0
Cite El Khalil,Location,App. 1 pièc,Appartement s3 meubl  la,2 500,19/12/2024,0,130.0
Le Bardo,Location,App. 1 pièc,Meublé pour une seule personn,550,19/12/2024,0,55.0
Korba Hached,Location,App. 3 pièc,Local commercial,7 800,19/12/2024,2,135.0
Le Bardo,Location,App. 2 pièc,Pour  filles ou petite famill,550,19/12/2024,1,88.0
Riadh Landlous,Location,App. 2 pièc,Spacieux s0 et s1 pour p,650,19/12/2024,1,70.0
El Manar 1,Location,App. 3 pièc,Mignon appartement meubl,1 500,19/12/2024,2,121.43717728055077
La Mannouba,Location,App. 2 pièc,S plus 1 hst a la ma,750,19/12/2024,1,65.0
Cite Ennasr 2,Location,App. 2 pièc,Appartement s 1 cité nas,950,19/12/2024,1,70.0
Cite Du Stade,Location,App. 4 pièc,Deux merveilleux apparte,1 400,19/12/2024,3,160.4433656957929
El Menzah 8,Location,App. 4 pièc,S plus 3 a el manzah,1 300,19/12/2024,3,300.0
El Menzah 8,Location,App. 4 pièc,Un appart s 3 avec deux,1 300,19/12/2024,3,310.0
Cite Ennasr 2,Location,App. 2 pièc,Appart s 1 meublé  à cit,1 150,19/12/2024,1,70.0
Cite Ennasr 2,Location,App. 2 pièc,Studio à ennasr 2,750,19/12/2024,1,60.0
El Menzah 9,Vente,App. 3 pièc,S2 400 md menzah 9,400 000,19/12/2024,2,129.0
El Kantaoui,Location,App. 3 pièc,Appartement 3 pièces,1 250,19/12/2024,2,160.0
Cite Ennasr 1,Location,App. 4 pièc,Des appartements richement me,150,19/12/2024,3,160.4433656957929
Borj El Baccouc,Location,Maisons,Etage de villa s4 1300d,1 300,19/12/2024,4,170.0
Marsa Erriadh,Location vacance,App. 2 pièc,Super luxueux splus1pour,350,19/12/2024,1,80.0
Berge Du Lac,Location,App. 4 pièc,Bureau hall et 4 pièces,2 500,19/12/2024,3,180.0
Berge Du Lac,Location,App. 3 pièc,Petit bureau au lac 1,2 270,19/12/2024,2,100.0
El Aouina,Location,App. 2 pièc,S plus 2 meuble wahat ao,1 200,19/12/2024,1,110.0
Kelibia,Vente,App. 2 pièc,Appartement prestigieuse,185 000,19/12/2024,1,100.0
El Aouina,Vente,App. 3 pièc,S plus deux bien ensolei,245 000,19/12/2024,2,100.0
Ain Zaghouan,Location,App. 2 pièc,S plus deux jamais habit,1 200,19/12/2024,1,100.0
Ain Zaghouan,Location,App. 2 pièc,S plus un neuf à la nouv,1 000,19/12/2024,1,65.0
Kelibia,Location vacance,App. 3 pièc,Villa avec terrasse vue,5 800,19/12/2024,2,100.0
Hammam El Gheza,Vente,App. 2 pièc,Nouveau projet immobilie,200 000,19/12/2024,1,100.0
Hammam Chatt,Location,App. 4 pièc,Appart s3 à hammam c,131,19/12/2024,3,120.0
Le Bardo,Location,App. 3 pièc,Appartement  centre ville men,600,19/12/2024,2,250.0
Cite Ennasr 2,Location,App. 2 pièc,S1 de haut standing,900,19/12/2024,1,73.062
Megrine Riadh,Location,App. 1 pièc,Belle occasion,370,19/12/2024,0,70.0
El Menzah 7,Vente,App. 4 pièc,Coquette duplexe,8 500 000,19/12/2024,3,268.0
Marsa Ennassim,Location,App. 4 pièc,Etage de villa a la mars,1 700,19/12/2024,3,160.0
Jardins d'el Me,Location,Maisons,Belle villa s5 habitatio,3 500,19/12/2024,5,307.3076923076923
Berge Du Lac,Location,Maisons,Villa haut standing s6,9 500,19/12/2024,6,940.0
Berge Du Lac,Location,App. 4 pièc,Appartement s3 lac2,3 100,19/12/2024,3,220.0
Cite Ezzouhour,Location,App. 3 pièc,Coquette bireaux,500,19/12/2024,2,200.0
El Aouina,Location,App. 2 pièc,Particulier l apt s2 meu,1 250,19/12/2024,1,104.0
El Manar 1,Vente,Maisons,Grande villa s6 avec gra,1 300 000,19/12/2024,6,940.0
El Menzah 7,Location,App. 3 pièc,Alyssounoussa,1 100,19/12/2024,2,68.0
Cite Ennasr 2,Location,App. 2 pièc,Bureau h1 très haut stan,1 500,19/12/2024,1,73.062
Sidi Daoud,Location,App. 3 pièc,Appartement s2 meublé a,2 500,19/12/2024,2,130.0
Cite Ennasr 2,Location,App. 4 pièc,Penthouse s3 de très hau,3 500,19/12/2024,3,160.4433656957929
El Menzah 5,Location,App. 4 pièc,S3 haut standing meublé,2 800,19/12/2024,3,160.4433656957929
Hergla,Vente,App. 3 pièc,Offre appartement s2 neu,297 000,19/12/2024,2,120.0
Jardins de Cart,Location,App. 4 pièc,Rez de chaussée meublé a,4 500,19/12/2024,3,400.0
Cite Ennasr 2,Location,App. 4 pièc,S3 richement meublé de h,2 300,19/12/2024,3,160.4433656957929
Mutuelle Ville,Location,App. 4 pièc,S3 vide ou meublé de hau,2 400,19/12/2024,3,160.4433656957929
El Menzah 5,Location,App. 4 pièc,S3 très haut standing ri,2 200,19/12/2024,3,160.4433656957929
Sidi Daoud,Location,App. 4 pièc,Appartement s3 la marsa,2 100,19/12/2024,3,200.0
Cite Ennasr 2,Location,App. 4 pièc,S3 richement meublé,2 000,19/12/2024,3,160.4433656957929
Ain Zaghouan,Vente,App. 4 pièc,Appt s3 de 175m2 à ain zaghou,650 000,19/12/2024,3,175.0
Marsa Ennassim,Location,App. 4 pièc,Appartement s3 avec jard,3 700,19/12/2024,3,200.0
El Aouina,Location,App. 2 pièc,Propriétaire l s2 meublé,1 250,19/12/2024,1,104.0
Cite Ennasr 2,Location,App. 3 pièc,S2 meublé très haut stan,2 000,19/12/2024,2,121.43717728055077
Megrine Riadh,Location,App. 1 pièc,Belle occasion,360,19/12/2024,0,70.0
El Aouina,Location,App. 3 pièc,S plus deux côté downtow,1 000,19/12/2024,2,110.0
Cite Afh,Location,App. 2 pièc,Charmant appartement,850,19/12/2024,1,80.0
Ariana,Location,App. 2 pièc,Studio bien meuble 2pieces,900,19/12/2024,1,73.062
El Menzah 9,Location,App. 2 pièc,Un appart s 1 haut stand,1 000,19/12/2024,1,68.0
Cite Ennasr 2,Location,App. 2 pièc,Appart s 1 cité nasr non,900,19/12/2024,1,70.0
Borj Louzir,Vente,App. 2 pièc,Appartement s2 borj louz,220 000,19/12/2024,1,105.0
Carthage,Location,Maisons,Villa  s3 avec jardin a,5 000,19/12/2024,3,160.4433656957929
Gammart,Location,Maisons,Villa s3 avec piscine a,6 500,19/12/2024,3,160.4433656957929
Gammart,Location,Duplex,Triplex s4 avec piscine,4 500,19/12/2024,4,225.45569620253164
Carthage,Location,Maisons,Villa s5 avec piscine a,12 000,19/12/2024,5,307.3076923076923
Gammart,Location,Maisons,Villa s4 avec jardin a g,5 000,19/12/2024,4,225.45569620253164
Cite Du Stade,Location,App. 4 pièc,Appartement haut standin,3 000,19/12/2024,3,300.0
Marsa Safsaf,Location,App. 3 pièc,Appartement avec balcon,3 500,19/12/2024,2,121.43717728055077
Gammart,Location,App. 2 pièc,Appart avec piscine à ga,5 000,19/12/2024,1,73.062
Marsa Ennassim,Location,App. 3 pièc,Rez de chaussee avec pis,5 800,19/12/2024,2,121.43717728055077
El Menzah 7,Location,App. 5 pièc,Spacieux appt s3 à menza,1 349,19/12/2024,4,150.0
Gammart,Location,Maisons,Villa s4 avec piscine a,6 500,19/12/2024,4,225.45569620253164
Cite Ennasr 2,Location,App. 2 pièc,Coquet appt s1 à cité en,900,19/12/2024,1,70.0
Carthage,Location,Maisons,Villa s4 avec piscine a,7 500,19/12/2024,4,225.45569620253164
Carthage,Location,Maisons,Villa s5 carthage,5 500,19/12/2024,5,400.0
Marsa Safsaf,Location,App. 2 pièc,Etage de villa s1 meubl,900,19/12/2024,1,73.062
El Aouina,Location,App. 3 pièc,Appt s2 meublé à la nouv,2 000,19/12/2024,2,115.0
Ben Arous,Location,App. 2 pièc,Bureau clare  à ben,1 500,19/12/2024,1,145.0
Cite Ennasr 2,Location,App. 4 pièc,Appart s3 à ennasr 2 cot,1 150,19/12/2024,3,160.0
La Soukra,Location,App. 3 pièc,Appartement s2 à chotran,1 700,19/12/2024,2,100.0
Cite Ennasr 2,Location,App. 3 pièc,Appart s2 vide à ennasr,1 050,19/12/2024,2,100.0
Cite Mohamed Al,Vente,App. 3 pièc,S2 au rez de chaussé,92 000,19/12/2024,2,60.0
Bizerte,Location,App. 2 pièc,Villa à malouf bizerte,200,19/12/2024,1,73.062
Bizerte,Vente,App. 2 pièc,Appartement bizerte cent,260 000,19/12/2024,1,85.0
Cite Ennasr 2,Location,App. 2 pièc,Un appartement s 1 à cit,900,19/12/2024,1,83.0
Marsa Ennassim,Location,App. 4 pièc,Appartement avec jardin,3 000,19/12/2024,3,200.0
Berge Du Lac,Location vacance,App. 1 pièc,A 10 minute de l'aéropor,1 500,19/12/2024,0,51.0
Hammam Lif,Vente,App. 3 pièc,Duplex avec local comerc,190 000,19/12/2024,2,113.0
Hammam Chatt,Location,App. 4 pièc,Appartement s2 a hammam,390,19/12/2024,3,70.0
Cite Ezzouhour,Location,App. 2 pièc,Pour couple ou une petite fam,450,19/12/2024,1,80.0
Cite Jardins,Location,Maisons,Etage de villa s3 bu,1 150,19/12/2024,3,80.0
El Mourouj,Location,App. 3 pièc,Appartement richement me,800,19/12/2024,2,80.0
Hedi Chaker,Location,App. 2 pièc,Cote bourguiba school semi me,900,19/12/2024,1,70.0
Cite Bhar Lazre,Vente,App. 2 pièc,Appartement s1 à bha,90 000,19/12/2024,1,100.0
Cite El Hidhab,Location,App. 2 pièc,Un joli appartement bon,550,19/12/2024,1,100.0
Cite Bhar Lazre,Vente,App. 2 pièc,Appartement s2 à bha,100 000,19/12/2024,1,100.0
El Manar 1,Vente,App. 3 pièc,Manar 1 s3 de 90m2 proch,234 000,19/12/2024,2,90.0
Cite Ennasr 2,Location,App. 5 pièc,Ennasr 2 joli appt s3 bi,1 450,19/12/2024,4,150.0
El Aouina,Vente,App. 4 pièc,L'aouina joli appt s2 bi,290 000,19/12/2024,3,100.0
Cite Ennasr 2,Location,App. 2 pièc,S1 état presque neuf,1 200,19/12/2024,1,80.0
El Menzah 8,Location,App. 5 pièc,Spacieux s4,1 400,19/12/2024,4,225.45569620253164
Cite Ennasr 1,Location,App. 5 pièc,S4 étage de villa habita,1 250,19/12/2024,4,225.45569620253164
Bou Mhel,Location,App. 2 pièc,Étage de villa s2 a boumhel b,900,19/12/2024,1,100.0
Cite Ennasr 2,Location,App. 2 pièc,S1 meublé courte durée h,560,19/12/2024,1,73.062
Cite Ennasr 2,Location,App. 3 pièc,S2 pour usage bureau,1 200,19/12/2024,2,121.43717728055077
El Manar 2,Location,App. 4 pièc,Bureau 4 pièces,1 400,19/12/2024,3,160.4433656957929
Cite Ennasr 2,Vente,App. 1 pièc,S3 ennaser 2 ref154a,400 000,19/12/2024,0,124.0
Jardins d'el Me,Vente,App. 1 pièc,S2 jardin menzah 2 ref15,330 000,19/12/2024,0,114.0
Cite Ennasr 2,Location,App. 5 pièc,S4 à usage habitation ou,1 400,19/12/2024,4,225.45569620253164
Cite Oplympique,Vente,App. 1 pièc,Appart s3 cité olympique,304 000,19/12/2024,0,160.0
Sidi Daoud,Location,App. 2 pièc,Coquette appartement s1 vide,1 250,19/12/2024,1,110.0
El Manar 2,Location,App. 3 pièc,S2 meublé de haut standi,1 400,19/12/2024,2,121.43717728055077
Cite Ennasr 2,Location,App. 4 pièc,S3 pour courte durée,150,19/12/2024,3,160.4433656957929
Cite Ennasr 2,Location,App. 4 pièc,S3 richement meublé de t,2 800,19/12/2024,3,160.4433656957929
La Soukra,Vente,App. 4 pièc,Appt haut standing,355 000,19/12/2024,3,144.0
El Menzah 9,Location,Maisons,Villa s6 à usage commerc,3 000,19/12/2024,6,940.0
Hammam El Gheza,Vente,App. 3 pièc,Villa avec studio a keli,150 000,19/12/2024,2,220.0
Sousse Corniche,Vente,App. 4 pièc,Bord de mer vue mer,370 000,19/12/2024,3,190.0
El Aouina,Vente,App. 3 pièc,Un s2 à cité palmeraies,280 000,19/12/2024,2,116.0
Ain Zaghouan,Location,App. 2 pièc,Appartement s1 à ain zag,1 000,19/12/2024,1,60.0
Kelibia,Vente,App. 3 pièc,Appartement  avec vue im,280 000,19/12/2024,2,125.0
El Aouina,Location,App. 2 pièc,Appt s plus 2 meublée a,1 900,19/12/2024,1,120.0
Jardins de Cart,Location,App. 1 pièc,appartement au jardin d,3 200,19/12/2024,0,250.0
El Mourouj,Vente,App. 2 pièc,Bel appartement mrj 5,90 000,19/12/2024,1,74.0
El Aouina,Vente,App. 3 pièc,Un appartement s2 à cité,430 000,19/12/2024,2,100.0
El Mourouj 2,Vente,App. 4 pièc,Appartement mourouj 2,110 000,19/12/2024,3,90.0
El Mourouj,Location,App. 1 pièc,Studio mrj3,250,19/12/2024,0,178.3842105263158
Hammamet,Location,App. 3 pièc,Appartement fakher 1 ref,1 350,19/12/2024,2,100.0
La Soukra,Vente,App. 3 pièc,New appartement,325 000,19/12/2024,2,165.0
La Soukra,Location,App. 3 pièc,Appartement s2 à la souk,1 600,19/12/2024,2,100.0
Gammart,Location,App. 4 pièc,Maison avec tres grand j,4 450,19/12/2024,3,255.0
Marsa Safsaf,Location,App. 3 pièc,Appartement tout neuf vu,3 600,19/12/2024,2,100.0
Gammart,Location,App. 4 pièc,Appartement haut standin,4 950,19/12/2024,3,190.0
Sidi Frej,Vente,App. 3 pièc,Apparetment au premier e,315 000,19/12/2024,2,110.0
El Menzah 5,Location,Maisons,Villa s4 plain pied avec,2 500,19/12/2024,4,600.0
Ariana,Location,App. 3 pièc,Appartement s2 côté esprit,850,19/12/2024,2,85.0
El Aouina,Vente,App. 3 pièc,Un s2 à l'aouina,370 000,19/12/2024,2,120.0
Cite El Khalil,Location,App. 3 pièc,Eatge de villa a la marsa,1 000,19/12/2024,2,200.0
Hammamet,Vente,App. 3 pièc,Villa hamammet nord 750,750 000,19/12/2024,2,200.0
Bou Mhel,Location,App. 3 pièc,Bureau haut standing s3 à bou,950,19/12/2024,2,120.0
Bou Mhel,Location,App. 3 pièc,Étage de villa s3 à boumhel,1 400,19/12/2024,2,130.0
El Manar 2,Location,App. 3 pièc,Offre s3 manar 3 1550dt,1 550,19/12/2024,2,100.0
Cite Ennasr 2,Location,App. 4 pièc,Appart a ennasr 2,1 200,19/12/2024,3,105.0
Kelibia,Vente,App. 2 pièc,Appartement au deuxieme,235 000,19/12/2024,1,95.0
Ain Zaghouan,Vente,App. 4 pièc,U s3 à ain zaghouan nord,750 000,19/12/2024,3,172.0
Berge Du Lac,Location,App. 5 pièc,Appartement s4 au lac 2,3 500,19/12/2024,4,230.0
Berge Du Lac,Location,App. 2 pièc,Bureau 2 pieces au lac 2,2 600,19/12/2024,1,108.0
Jardins de Cart,Location,App. 1 pièc,Bureau neuf open space a,254,19/12/2024,0,5800.0
Hergla,Vente,App. 4 pièc,Appartement s3 neuf proc,660 000,19/12/2024,3,200.0
Hergla,Vente,App. 3 pièc,Appartement s2 neuf et p,500 000,19/12/2024,2,120.0
Hedi Chaker,Location,App. 2 pièc,Meublee studio cote lafayette,900,19/12/2024,1,73.0
Ain Zaghouan,Location,App. 1 pièc,Studio avec jardins burea,800,19/12/2024,0,60.0
Cite Ennasr 2,Location,App. 1 pièc,Particulier l s1 meublé,1 200,19/12/2024,0,75.0
El Aouina,Location,App. 1 pièc,S plus 1 meuble el wahat aoui,1 350,19/12/2024,0,70.0
El Aouina,Location,App. 2 pièc,S2 meublé pour étranger,1 250,19/12/2024,1,104.0
El Aouina,Location,App. 5 pièc,Particulier l s4 meublé,2 200,19/12/2024,4,209.0
El Menzah 7,Vente,App. 3 pièc,S2 212 md menzah 7,212 000,19/12/2024,2,90.0
El Menzah 7,Vente,App. 4 pièc,S3 290 md menzah 7,290 000,19/12/2024,3,115.0
El Manar 1,Vente,App. 4 pièc,S4 à manar 1,280 000,19/12/2024,3,100.0
El Aouina,Vente,App. 4 pièc,Appartement s3 à cit,270 000,19/12/2024,3,98.0
Riadh Landlous,Vente,App. 1 pièc,S2 haut standing riadh l,330 000,19/12/2024,0,129.0
Cite Ennasr 2,Vente,App. 1 pièc,Appart s2 ennaser 2 ref3,310 000,19/12/2024,0,130.0
Hedi Chaker,Location,App. 2 pièc,A lafayette semi meublee stud,900,19/12/2024,1,75.0
Ezzahra,Vente,App. 3 pièc,Réf 90v coquette appartement,180 000,19/12/2024,2,90.0
El Menzah 8,Location,App. 4 pièc,Appartement s plus 3,1 300,19/12/2024,3,130.0
Riadh Landlous,Vente,App. 2 pièc,S1 appart riadh landalou,169 000,19/12/2024,1,59.0
Gammart,Vente,App. 3 pièc,Réf 58v appartement s2 en cou,375 000,19/12/2024,2,85.0
Hammamet,Location,App. 3 pièc,S plus 2 a el hammam,700,19/12/2024,2,80.0
Berge Du Lac,Location,Duplex,Suite à lac 1 duplex s3 meubl,2 300,19/12/2024,3,120.0
Cite Des Juges,Location,App. 2 pièc,Coquet studio s1 vide aux cit,570,19/12/2024,1,40.0
El Aouina,Vente,App. 3 pièc,Apprt s2 jamais habité à,263 610,19/12/2024,2,909.0
Berge Du Lac,Location,App. 2 pièc,Aux lac 2 une coquette appart,1 750,19/12/2024,1,60.0
El Yasmina,Location,App. 3 pièc,Lo1726 appartement s3 à carth,850,19/12/2024,2,80.0
Cite El Khalil,Location,App. 1 pièc,Petite studio s0 vide aux cit,650,19/12/2024,0,27.0
Residence Zahre,Location,App. 3 pièc,Occasion d or,600,19/12/2024,2,103.0
El Manar 1,Location,App. 1 pièc,Aux manar 1 studio open space,650,19/12/2024,0,35.0
Jardins de Cart,Location,App. 3 pièc,S2 meublé aux jardins de,2 800,19/12/2024,2,1.0
Hammamet,Location,App. 2 pièc,S plus 1 a el hammam,500,19/12/2024,1,50.0
Jardins de Cart,Location,App. 2 pièc,S1 aux jardins de cartha,1 400,19/12/2024,1,73.062
Bou Mhel,Location,App. 3 pièc,Local elegance à bou,900,19/12/2024,2,85.0
Cite Ennasr 2,Location,App. 2 pièc,Appart s1 meublé à ennas,1 100,19/12/2024,1,70.0
Cite Bhar Lazre,Vente,App. 3 pièc,Apprt s2 encours de,340 000,19/12/2024,2,98.0
Cite Ennasr 2,Location,App. 3 pièc,Appart s2 meublé à ennas,1 150,19/12/2024,2,90.0
Gammart,Location,Maisons,Villa s6 avec piscine a,7 500,19/12/2024,6,940.0
Gammart,Location,Duplex,Duplex s2 meublé  a gamm,3 000,19/12/2024,2,150.0
El Menzah 9,Location,App. 3 pièc,Appart s2 haut standing,1 550,19/12/2024,2,120.0
Hammamet,Location,App. 2 pièc,S plus 1 meublé a el,550,19/12/2024,1,60.0
Cite Du Stade,Location,App. 3 pièc,Apprt s2 la marsa stade,1 450,19/12/2024,2,90.0
Ain Zaghouan,Location,App. 2 pièc,S plus un bien ensoleill,800,19/12/2024,1,60.0
Ain Zaghouan,Location,App. 2 pièc,S plus 1 richement meulé,1 100,19/12/2024,1,60.0
Jardins de Cart,Location,App. 2 pièc,S1 meublé aux jardins de,1 500,19/12/2024,1,1.0
Berge Du Lac,Location,Maisons,Villa s5 avec piscine au,8 000,19/12/2024,5,550.0
Marsa Ennassim,Location,Maisons,Villa s4 à la marsa mvl1,5 000,19/12/2024,4,400.0
Sidi Daoud,Location,Maisons,Villa s4 avec piscine à,4 000,19/12/2024,4,1.0
Carthage,Location,Maisons,Villa s3 avec piscine à,8 500,19/12/2024,3,1.0
Ain Zaghouan,Location,App. 2 pièc,Un appartement s2 vide à,1 200,19/12/2024,1,1.0
Borj Cedria,Location,App. 3 pièc,Appartement meublé borj,1 500,19/12/2024,2,100.0
Bizerte,Vente,App. 3 pièc,Villa villa,700 000,19/12/2024,2,600.0
Bizerte,Location,App. 1 pièc,Local commercial,3 000,19/12/2024,0,178.3842105263158
Jardins de Cart,Location,App. 1 pièc,Un appartement s1 meublé,1 500,19/12/2024,0,1.0
Cite Ain Mariem,Vente,App. 2 pièc,Appartement ain mariem b,270 000,19/12/2024,1,290.0
Ain Zaghouan,Location,App. 3 pièc,Appartement s2 à ain zag,1 200,19/12/2024,2,1.0
Cite Ennasr 2,Location,App. 2 pièc,S1 courte durée,630,19/12/2024,1,73.062
Riadh Landlous,Location,App. 2 pièc,S1 neuf richement meublé,1 250,19/12/2024,1,73.062
Cite Ennasr 2,Location,App. 2 pièc,Superbe s1 entièrement m,1 300,19/12/2024,1,73.062
Marsa Safsaf,Location vacance,App. 2 pièc,Comme chez vous pour des,350,19/12/2024,1,55.0
Mutuelle Ville,Location,App. 5 pièc,S4 neuf pour habitation,2 400,19/12/2024,4,225.45569620253164
Marsa Safsaf,Location,App. 2 pièc,Appartement vu sur mère a la,3 600,19/12/2024,1,50.0
Cite Ennasr 2,Location,App. 2 pièc,S1 haut standing,970,19/12/2024,1,73.062
Cite Ennasr 2,Location,App. 2 pièc,Bel s1 haut standing,900,19/12/2024,1,73.062
El Menzah 9,Location,App. 3 pièc,S2 très haut standing,1 400,19/12/2024,2,121.43717728055077
Charguia 2,Location,App. 5 pièc,Immense demeure avec pis,8 500,19/12/2024,4,225.45569620253164
Cite Ennacim,Location,Maisons,Etage de villa s2 me,1 000,19/12/2024,2,110.0
El Aouina,Vente,App. 3 pièc,S plus 2 wahat tel 58258,250 000,19/12/2024,2,80.0
El Aouina,Location,App. 3 pièc,S plus 2 lac 2 tel 58258,2 000,19/12/2024,2,120.0
El Aouina,Vente,App. 4 pièc,S plus 3 el aouina tel 5,320 000,19/12/2024,3,132.0
Jardins de Cart,Location,App. 2 pièc,Un appartement s2 meublé,2 800,19/12/2024,1,1.0
Ain Zaghouan,Location,App. 4 pièc,Bel appartement s3 aux ain za,1 500,19/12/2024,3,140.0
El Aouina,Location,App. 2 pièc,Coquet appartement s1 vide au,850,19/12/2024,1,60.0
Marsa Safsaf,Location,App. 3 pièc,Etage s2 indépendante vue sur,3 500,19/12/2024,2,100.0
Le Kram,Location,App. 2 pièc,Suite à cité office apparteme,850,19/12/2024,1,65.0
El Aouina,Location,App. 3 pièc,Aux aouina bel appartement s2,1 100,19/12/2024,2,90.0
Ain Zaghouan,Location,App. 3 pièc,S plus deux bien orienté,1 000,19/12/2024,2,90.0
Ain Zaghouan,Location,App. 4 pièc,Aux ain zaghouan bel appartem,1 500,19/12/2024,3,140.0
Jardins de Cart,Location,App. 1 pièc,Un appartement s1 vide z,1 800,19/12/2024,0,1.0
El Menzah 9,Location,App. 2 pièc,Un appartement s 1 el ma,900,19/12/2024,1,75.0
El Aouina,Vente,App. 2 pièc,Réf 79v une coquette appartem,230 000,19/12/2024,1,70.0
Hammamet,Location,App. 3 pièc,Appartement belle de nui,1 250,19/12/2024,2,121.43717728055077
Jardins de Cart,Vente,App. 2 pièc,S1 avec jardin aux j,410 000,19/12/2024,1,70.0
Cite Ennour Jaa,Vente,App. 4 pièc,Appartement s3 à nour ja,150 000,19/12/2024,3,99.0
Ain Zaghouan,Location,App. 1 pièc,Un appartement s1 meublé,1 200,19/12/2024,0,1.0
Hammamet,Location,App. 4 pièc,S plus 3 a la cité a,1 000,19/12/2024,3,110.0
El Mourouj,Vente,App. 3 pièc,Apprt mourouj 3,130 000,19/12/2024,2,85.0
Jardins de Cart,Location,App. 3 pièc,Un rez de chaussée de vi,2 400,19/12/2024,2,1.0
Chatt Meriem,Location,App. 1 pièc,annuelle un appartemen,1 300,19/12/2024,0,1.0
Sousse,Location,App. 2 pièc,S2 kantaoui,600,19/12/2024,1,73.062
Jardins d'el Me,Location,App. 4 pièc,Usage bureautique ou hab,1 500,19/12/2024,3,200.0
La Soukra,Location,App. 3 pièc,Un appartement s3à la so,3 000,19/12/2024,2,1.0
Cite Ennasr 2,Location,App. 3 pièc,S2 meublé à  ennasr 2,1 200,19/12/2024,2,121.43717728055077
La Soukra,Vente,App. 3 pièc,Apprt s2 à   laouina,460 000,19/12/2024,2,125.0
El Menzah 9,Location,App. 2 pièc,Appart s1 haut standing,950,19/12/2024,1,70.0
Cite Ennasr 2,Location,App. 2 pièc,Appartement s 1 ht stand,880,19/12/2024,1,70.0
Hammamet,Location,App. 4 pièc,S plus 3 semi meublé,800,19/12/2024,3,70.0
Ain Zaghouan,Vente,App. 3 pièc,S plus deux haut standin,245 000,19/12/2024,2,80.0
Hammam Sousse,Vente,App. 3 pièc,Appartement rdc à hammem,200 000,19/12/2024,2,160.0
Jardins de Cart,Location,App. 2 pièc,Un appartement s2 vide m,1 900,19/12/2024,1,1.0
Hammam Sousse,Location,App. 1 pièc,annuelle un appartemen,800,19/12/2024,0,1.0
El Mourouj,Location,App. 3 pièc,App usage bureautique,850,19/12/2024,2,90.0
Ain Zaghouan,Location,App. 1 pièc,Un appartement s1 à ain,1 000,19/12/2024,0,1.0
Riadh Landlous,Location,App. 3 pièc,S 2 a cote de mahmou,720,19/12/2024,2,110.0
Gammart,Location,App. 4 pièc,Appartement s3 jamais ha,3 200,19/12/2024,3,160.4433656957929
Hammamet,Location,App. 4 pièc,Appartement jacinthe 3 r,1 200,19/12/2024,3,160.4433656957929
Sidi Bousaid,Location,App. 3 pièc,Etage villa meublé de a,3 000,19/12/2024,2,150.0
Jardins d'el Me,Location,App. 4 pièc,Usage bureautique ou hab,1 500,19/12/2024,3,160.4433656957929
El Menzah 9,Location,App. 3 pièc,Un appartement s 2 haut,1 350,19/12/2024,2,110.0
Casino La Goule,Location,App. 2 pièc,Appartement s1 meublé aux la,700,19/12/2024,1,50.0
El Aouina,Location,App. 3 pièc,Appartement s2 vide aux aouin,1 300,19/12/2024,2,90.0
Marsa Safsaf,Location,App. 3 pièc,Etage indépendante meublé aux,3 500,19/12/2024,2,100.0
Erriadh,Location,App. 4 pièc,Cote la gare de le kram appar,1 200,19/12/2024,3,120.0
Sidi Bousaid,Location,App. 4 pièc,Bel etage de villa s3 aux sid,2 000,19/12/2024,3,130.0
Mosque Erraoudh,Location,App. 4 pièc,Suite à la soukra appartement,850,19/12/2024,3,120.0
Hammamet,Location,Maisons,Etage de villa s3 me,1 200,19/12/2024,3,150.0
Hammamet,Location,App. 4 pièc,Appartement epiaire ref,1 200,19/12/2024,3,160.4433656957929
El Manar 2,Location,App. 2 pièc,Rez jardin s2 900dt meub,900,19/12/2024,1,80.0
Ariana,Location,App. 3 pièc,S3 haut standing  borj l,1 000,19/12/2024,2,100.0
Ariana,Location,App. 1 pièc,Appart s0 haut standing,730,19/12/2024,0,40.0
Sousse Corniche,Vente,App. 4 pièc,Appartement pieds dans l,300 000,19/12/2024,3,160.4433656957929
Ain Zaghouan,Location,App. 2 pièc,S plus 1 ain zaghaoun su,850,19/12/2024,1,64.0
Jardins de Cart,Location,App. 1 pièc,Un appartement s1 meublé,1 750,19/12/2024,0,1.0
La Soukra,Vente,App. 3 pièc,Des s2 neufs à la nouvel,330 000,19/12/2024,2,96.0
Hammam Sousse,Location,App. 1 pièc,annuelle un appartemen,800,19/12/2024,0,178.3842105263158
El Mourouj,Location,App. 3 pièc,App usage bureautique,850,19/12/2024,2,121.43717728055077
Gammart,Location,App. 4 pièc,Appartement s3 jamais ha,3 200,19/12/2024,3,170.0
El Menzah 9,Location,App. 4 pièc,Appart s3 haut standing,2 200,19/12/2024,3,160.0
Bizerte,Location,App. 2 pièc,Un appartement meuble ha,900,19/12/2024,1,73.062
Bizerte,Location,App. 2 pièc,Appartement meublée,750,19/12/2024,1,73.062
Cite Ennasr 2,Location,Maisons,Villa s7 avec jardin et,4 500,19/12/2024,7,700.0
Cite Ennasr 2,Location,App. 2 pièc,Appart s1 meublé haut st,1 200,19/12/2024,1,70.0
El Aouina,Vente,App. 4 pièc,S plus 4 cite el wahat p,365 000,19/12/2024,3,186.0
El Aouina,Location,App. 3 pièc,Apprt  s 2 à ariana,1 300,19/12/2024,2,150.0
Bou Mhel,Location,App. 1 pièc,Bureau s0 a boumhel,480,19/12/2024,0,70.0
El Mourouj,Vente,App. 3 pièc,Appartement mourouj 6 s2,230 000,19/12/2024,2,109.0
Jardins de Cart,Location,App. 3 pièc,Apprt s2 meublé à  j,2 200,19/12/2024,2,125.0
Sahloul,Vente,App. 1 pièc,A  un appartement s3 sit,1,19/12/2024,0,178.3842105263158
Cite Ennasr 1,Vente,App. 2 pièc,S1 de haut standing a en,180 000,19/12/2024,1,56.0
El Menzah 9,Location,App. 2 pièc,S1 meublé menzah 9c,1 300,19/12/2024,1,80.0
Cite Ennasr 2,Location,App. 3 pièc,Appartement s2 à ennasr,1 200,19/12/2024,2,125.0
El Aouina,Vente,App. 5 pièc,Appartement s4 a l'aouin,420 000,19/12/2024,4,200.0
Ain Zaghouan,Vente,App. 2 pièc,S plus 1 ain zaghouan su,205 000,19/12/2024,1,64.0
El Omrane,Location,App. 5 pièc,Rdc de villa à omran ric,2 800,19/12/2024,4,225.45569620253164
Bab El Khadra,Location,App. 3 pièc,S2 neuf meublé au centre,1 200,19/12/2024,2,70.0
Cite Ennasr 2,Vente,App. 5 pièc,S4 spacieux et lumineux,700 000,19/12/2024,4,220.0
Ezzahra,Vente,App. 2 pièc,Residence la siesta,485 000,19/12/2024,1,124.0
La Mannouba,Location,App. 1 pièc,Appt s plus 1 résidence,700,19/12/2024,0,65.0
Zone urbaine no,Vente,App. 3 pièc,Appartement moderne  sup,590 000,19/12/2024,2,157.0
Mutuelle Ville,Location,App. 3 pièc,Appartement usage bureau,2 000,19/12/2024,2,130.0
Habib Thameur,Location,App. 3 pièc,Bureau s3 lafayette,800,19/12/2024,2,100.0
Jardins de Cart,Location,App. 2 pièc,Studio meuble jardin de,850,19/12/2024,1,50.0
Sahloul,Vente,App. 1 pièc,A  un appartement  s2 situ  r,1,19/12/2024,0,116.0
El Mourouj,Location,App. 3 pièc,Bel appartement mrj 3,500,19/12/2024,2,121.43717728055077
La Soukra,Location,App. 1 pièc,S1 meublé charges compri,600,19/12/2024,0,70.0
La Soukra,Location,App. 3 pièc,S2 meublé a soukra par s,600,19/12/2024,2,150.0
La Soukra,Location,App. 1 pièc,S1 meublé a soukra charg,600,19/12/2024,0,70.0
Sahloul,Vente,App. 1 pièc,A  un appartement  s2 situ  r,1,19/12/2024,0,178.3842105263158
Cite Ennasr 2,Location,App. 4 pièc,Un appartement s 3 cité,1 200,19/12/2024,3,120.0
Sfax,Location,App. 3 pièc,Appartement meublé tout,800,19/12/2024,2,125.0
Cite Ennasr 1,Location,App. 3 pièc,S2 à ennasr 2 900 d,900,19/12/2024,2,120.0
Jardins d'el Me,Location,App. 2 pièc,S1 1000 d meuble aux jar,1 000,19/12/2024,1,60.0
Khaznadar,Vente,App. 3 pièc,App en rdc khaznadar,160 000,19/12/2024,2,80.0
Habib Thameur,Vente,App. 4 pièc,App rue de marseille,160 000,19/12/2024,3,100.0
El Menzah 1,Vente,App. 1 pièc,Studio s0 a el manza,125 000,19/12/2024,0,28.0
El Aouina,Vente,App. 4 pièc,S3 400 md aouina,400 000,19/12/2024,3,157.0
Cite Ennasr 2,Vente,App. 4 pièc,S3 haut standing a ennas,410 000,19/12/2024,3,132.0
